Model,Accuracy Mean,Accuracy Std,F1 Mean,F1 Std
LDA,0.36666666666666664,0.17950549357115014,0.29460317460317464,0.16305412141511796
SVM,0.36666666666666664,0.17950549357115014,0.2857142857142857,0.1594491651943626
